-- MySQL dump 10.13  Distrib 8.0.29, for Win64 (x86_64)
--
-- Host: localhost    Database: smart_fit2
-- ------------------------------------------------------
-- Server version	8.0.29

/*!40101 SET @OLD_CHARACTER_SET_CLIENT=@@CHARACTER_SET_CLIENT */;
/*!40101 SET @OLD_CHARACTER_SET_RESULTS=@@CHARACTER_SET_RESULTS */;
/*!40101 SET @OLD_COLLATION_CONNECTION=@@COLLATION_CONNECTION */;
/*!50503 SET NAMES utf8 */;
/*!40103 SET @OLD_TIME_ZONE=@@TIME_ZONE */;
/*!40103 SET TIME_ZONE='+00:00' */;
/*!40014 SET @OLD_UNIQUE_CHECKS=@@UNIQUE_CHECKS, UNIQUE_CHECKS=0 */;
/*!40014 SET @OLD_FOREIGN_KEY_CHECKS=@@FOREIGN_KEY_CHECKS, FOREIGN_KEY_CHECKS=0 */;
/*!40101 SET @OLD_SQL_MODE=@@SQL_MODE, SQL_MODE='NO_AUTO_VALUE_ON_ZERO' */;
/*!40111 SET @OLD_SQL_NOTES=@@SQL_NOTES, SQL_NOTES=0 */;

--
-- Table structure for table `carrito`
--

DROP TABLE IF EXISTS `carrito`;
/*!40101 SET @saved_cs_client     = @@character_set_client */;
/*!50503 SET character_set_client = utf8mb4 */;
CREATE TABLE `carrito` (
  `id` int NOT NULL AUTO_INCREMENT,
  `sedes` varchar(50) CHARACTER SET utf8mb4 COLLATE utf8mb4_general_ci DEFAULT NULL,
  `maquina` varchar(45) CHARACTER SET utf8mb4 COLLATE utf8mb4_general_ci DEFAULT NULL,
  `horarios` time DEFAULT NULL,
  `zona` varchar(45) CHARACTER SET utf8mb4 COLLATE utf8mb4_general_ci DEFAULT NULL,
  `turno` varchar(45) CHARACTER SET utf8mb4 COLLATE utf8mb4_general_ci DEFAULT NULL,
  `fecha` varchar(45) CHARACTER SET utf8mb4 COLLATE utf8mb4_general_ci DEFAULT NULL,
  `usuario` int DEFAULT NULL,
  PRIMARY KEY (`id`)
) ENGINE=InnoDB AUTO_INCREMENT=19 DEFAULT CHARSET=utf8mb4 COLLATE=utf8mb4_general_ci;
/*!40101 SET character_set_client = @saved_cs_client */;

--
-- Dumping data for table `carrito`
--

LOCK TABLES `carrito` WRITE;
/*!40000 ALTER TABLE `carrito` DISABLE KEYS */;
INSERT INTO `carrito` VALUES (1,'asd','asd','07:00:00','sdas','asdad','asdasd',NULL),(2,NULL,NULL,NULL,NULL,NULL,NULL,NULL),(3,NULL,NULL,NULL,NULL,NULL,NULL,NULL),(4,NULL,NULL,NULL,NULL,NULL,NULL,NULL),(5,'Real Plaza Huancayo','caminadora','07:00:00','cardio','sss','24 de mayo',NULL),(9,'Real Plaza Huancayo','caminadora','07:00:00','cardio','sss','24 de mayo',NULL),(10,'Real Plaza Huancayo','caminadora','07:00:00','cardio','sss','24 de mayo',NULL),(11,'Real Plaza Huancayo','caminadora','07:00:00','cardio','sss','24 de mayo',NULL),(12,'Real Plaza Huancayo','caminadora','07:00:00','cardio','sss','24 de mayo',NULL),(13,'Real Plaza Huancayo','caminadora','07:00:00','cardio','sss','24 de mayo',NULL),(14,'Real Plaza Huancayo','caminadora','07:00:00','cardio','sss','24 de mayo',NULL),(15,'Real Plaza Huancayo','caminadora','07:00:00','cardio','sss','24 de mayo',NULL),(16,'Open Plaza Huancayo','escaladora','07:00:00','fuerza','sss','26 de mayo',NULL),(17,'Real Plaza Huancayo','hack squat','14:00:00','fuerza','ma単ana','25 de mayo',1),(18,'Real Plaza Huancayo','hack squat','14:00:00','fuerza','ma単ana','25 de mayo',1);
/*!40000 ALTER TABLE `carrito` ENABLE KEYS */;
UNLOCK TABLES;

--
-- Table structure for table `fechas`
--

DROP TABLE IF EXISTS `fechas`;
/*!40101 SET @saved_cs_client     = @@character_set_client */;
/*!50503 SET character_set_client = utf8mb4 */;
CREATE TABLE `fechas` (
  `id` int NOT NULL AUTO_INCREMENT,
  `fecha` varchar(10) CHARACTER SET utf8mb4 COLLATE utf8mb4_general_ci NOT NULL,
  PRIMARY KEY (`id`)
) ENGINE=InnoDB AUTO_INCREMENT=4 DEFAULT CHARSET=utf8mb4 COLLATE=utf8mb4_general_ci;
/*!40101 SET character_set_client = @saved_cs_client */;

--
-- Dumping data for table `fechas`
--

LOCK TABLES `fechas` WRITE;
/*!40000 ALTER TABLE `fechas` DISABLE KEYS */;
INSERT INTO `fechas` VALUES (1,'24 de mayo'),(2,'25 de mayo'),(3,'26 de mayo');
/*!40000 ALTER TABLE `fechas` ENABLE KEYS */;
UNLOCK TABLES;

--
-- Table structure for table `horarios`
--

DROP TABLE IF EXISTS `horarios`;
/*!40101 SET @saved_cs_client     = @@character_set_client */;
/*!50503 SET character_set_client = utf8mb4 */;
CREATE TABLE `horarios` (
  `id` int NOT NULL,
  `hora` time NOT NULL,
  KEY `id` (`id`),
  CONSTRAINT `horarios_ibfk_1` FOREIGN KEY (`id`) REFERENCES `turnos` (`id`)
) ENGINE=InnoDB DEFAULT CHARSET=utf8mb4 COLLATE=utf8mb4_general_ci;
/*!40101 SET character_set_client = @saved_cs_client */;

--
-- Dumping data for table `horarios`
--

LOCK TABLES `horarios` WRITE;
/*!40000 ALTER TABLE `horarios` DISABLE KEYS */;
INSERT INTO `horarios` VALUES (1,'07:00:00'),(1,'07:30:00'),(1,'08:00:00'),(1,'08:30:00'),(1,'09:00:00'),(1,'09:30:00'),(1,'10:00:00'),(1,'10:30:00'),(1,'11:00:00'),(1,'11:30:00'),(2,'12:00:00'),(2,'12:30:00'),(2,'13:00:00'),(2,'13:30:00'),(2,'14:00:00'),(2,'14:30:00'),(2,'15:00:00'),(2,'15:30:00'),(2,'16:00:00'),(2,'16:30:00'),(2,'17:00:00'),(2,'17:30:00'),(2,'18:00:00'),(2,'18:30:00'),(3,'19:00:00'),(3,'19:30:00'),(3,'20:00:00'),(3,'20:30:00'),(3,'21:00:00');
/*!40000 ALTER TABLE `horarios` ENABLE KEYS */;
UNLOCK TABLES;

--
-- Table structure for table `maquinas`
--

DROP TABLE IF EXISTS `maquinas`;
/*!40101 SET @saved_cs_client     = @@character_set_client */;
/*!50503 SET character_set_client = utf8mb4 */;
CREATE TABLE `maquinas` (
  `id` int NOT NULL,
  `maquina` varchar(50) CHARACTER SET utf8mb4 COLLATE utf8mb4_general_ci NOT NULL,
  KEY `id` (`id`),
  CONSTRAINT `maquinas_ibfk_1` FOREIGN KEY (`id`) REFERENCES `zona_entrenamiento` (`id`)
) ENGINE=InnoDB DEFAULT CHARSET=utf8mb4 COLLATE=utf8mb4_general_ci;
/*!40101 SET character_set_client = @saved_cs_client */;

--
-- Dumping data for table `maquinas`
--

LOCK TABLES `maquinas` WRITE;
/*!40000 ALTER TABLE `maquinas` DISABLE KEYS */;
INSERT INTO `maquinas` VALUES (1,'caminadora'),(1,'escaladora'),(1,'bicicletas'),(1,'remadoras(Maquina de remo)'),(1,'escaleras infinitas'),(2,'rack funcional'),(2,'bolsas salm'),(2,'barras olimpicas'),(2,'kettlebells'),(2,'placas de parachoques'),(3,'hack squat'),(3,'empuje de cadera'),(3,'jersey'),(3,'pres de banca'),(3,'prensa'),(3,'remo con barra');
/*!40000 ALTER TABLE `maquinas` ENABLE KEYS */;
UNLOCK TABLES;

--
-- Table structure for table `sedes`
--

DROP TABLE IF EXISTS `sedes`;
/*!40101 SET @saved_cs_client     = @@character_set_client */;
/*!50503 SET character_set_client = utf8mb4 */;
CREATE TABLE `sedes` (
  `id` int NOT NULL AUTO_INCREMENT,
  `sede` varchar(50) CHARACTER SET utf8mb4 COLLATE utf8mb4_general_ci NOT NULL,
  PRIMARY KEY (`id`)
) ENGINE=InnoDB AUTO_INCREMENT=8 DEFAULT CHARSET=utf8mb4 COLLATE=utf8mb4_general_ci;
/*!40101 SET character_set_client = @saved_cs_client */;

--
-- Dumping data for table `sedes`
--

LOCK TABLES `sedes` WRITE;
/*!40000 ALTER TABLE `sedes` DISABLE KEYS */;
INSERT INTO `sedes` VALUES (1,'Real Plaza Huancayo'),(2,'Open Plaza Huancayo'),(3,'La Fontana'),(4,'Mall Aventura Santa Anita'),(5,'Real Plaza Puruchuco'),(6,'Alameda Plaza SJL');
/*!40000 ALTER TABLE `sedes` ENABLE KEYS */;
UNLOCK TABLES;

--
-- Table structure for table `seleccion`
--

DROP TABLE IF EXISTS `seleccion`;
/*!40101 SET @saved_cs_client     = @@character_set_client */;
/*!50503 SET character_set_client = utf8mb4 */;
CREATE TABLE `seleccion` (
  `id` int NOT NULL AUTO_INCREMENT,
  `id_sedes` int DEFAULT NULL,
  `id_zona_entrenamiento` int DEFAULT NULL,
  `id_fecha` int DEFAULT NULL,
  PRIMARY KEY (`id`),
  UNIQUE KEY `id_sedes` (`id_sedes`),
  UNIQUE KEY `id_zona_entrenamiento` (`id_zona_entrenamiento`),
  UNIQUE KEY `id_fecha` (`id_fecha`),
  CONSTRAINT `seleccion_ibfk_6` FOREIGN KEY (`id_fecha`) REFERENCES `fechas` (`id`) ON UPDATE CASCADE
) ENGINE=InnoDB AUTO_INCREMENT=2 DEFAULT CHARSET=utf8mb4 COLLATE=utf8mb4_general_ci;
/*!40101 SET character_set_client = @saved_cs_client */;

--
-- Dumping data for table `seleccion`
--

LOCK TABLES `seleccion` WRITE;
/*!40000 ALTER TABLE `seleccion` DISABLE KEYS */;
INSERT INTO `seleccion` VALUES (1,1,NULL,NULL);
/*!40000 ALTER TABLE `seleccion` ENABLE KEYS */;
UNLOCK TABLES;

--
-- Table structure for table `turnos`
--

DROP TABLE IF EXISTS `turnos`;
/*!40101 SET @saved_cs_client     = @@character_set_client */;
/*!50503 SET character_set_client = utf8mb4 */;
CREATE TABLE `turnos` (
  `id` int NOT NULL AUTO_INCREMENT,
  `turno` varchar(50) CHARACTER SET utf8mb4 COLLATE utf8mb4_general_ci DEFAULT NULL,
  PRIMARY KEY (`id`)
) ENGINE=InnoDB AUTO_INCREMENT=4 DEFAULT CHARSET=utf8mb4 COLLATE=utf8mb4_general_ci;
/*!40101 SET character_set_client = @saved_cs_client */;

--
-- Dumping data for table `turnos`
--

LOCK TABLES `turnos` WRITE;
/*!40000 ALTER TABLE `turnos` DISABLE KEYS */;
INSERT INTO `turnos` VALUES (1,'ma単ana'),(2,'tarde'),(3,'noche');
/*!40000 ALTER TABLE `turnos` ENABLE KEYS */;
UNLOCK TABLES;

--
-- Table structure for table `usuario`
--

DROP TABLE IF EXISTS `usuario`;
/*!40101 SET @saved_cs_client     = @@character_set_client */;
/*!50503 SET character_set_client = utf8mb4 */;
CREATE TABLE `usuario` (
  `id` int NOT NULL AUTO_INCREMENT,
  `nombres` varchar(50) CHARACTER SET utf8mb4 COLLATE utf8mb4_general_ci NOT NULL,
  `apellidos` varchar(50) CHARACTER SET utf8mb4 COLLATE utf8mb4_general_ci NOT NULL,
  `email` varchar(50) CHARACTER SET utf8mb4 COLLATE utf8mb4_general_ci NOT NULL,
  `contrase単a` varchar(50) CHARACTER SET utf8mb4 COLLATE utf8mb4_general_ci NOT NULL,
  PRIMARY KEY (`id`)
) ENGINE=InnoDB AUTO_INCREMENT=3 DEFAULT CHARSET=utf8mb4 COLLATE=utf8mb4_general_ci;
/*!40101 SET character_set_client = @saved_cs_client */;

--
-- Dumping data for table `usuario`
--

LOCK TABLES `usuario` WRITE;
/*!40000 ALTER TABLE `usuario` DISABLE KEYS */;
INSERT INTO `usuario` VALUES (1,'angelo','pizarro','angelo_enero@hotmail.com','123'),(2,'harold','pizarro','harold@gmail.com','1');
/*!40000 ALTER TABLE `usuario` ENABLE KEYS */;
UNLOCK TABLES;

--
-- Table structure for table `zona_entrenamiento`
--

DROP TABLE IF EXISTS `zona_entrenamiento`;
/*!40101 SET @saved_cs_client     = @@character_set_client */;
/*!50503 SET character_set_client = utf8mb4 */;
CREATE TABLE `zona_entrenamiento` (
  `id` int NOT NULL AUTO_INCREMENT,
  `entrenamiento` varchar(50) CHARACTER SET utf8mb4 COLLATE utf8mb4_general_ci NOT NULL,
  PRIMARY KEY (`id`)
) ENGINE=InnoDB AUTO_INCREMENT=4 DEFAULT CHARSET=utf8mb4 COLLATE=utf8mb4_general_ci;
/*!40101 SET character_set_client = @saved_cs_client */;

--
-- Dumping data for table `zona_entrenamiento`
--

LOCK TABLES `zona_entrenamiento` WRITE;
/*!40000 ALTER TABLE `zona_entrenamiento` DISABLE KEYS */;
INSERT INTO `zona_entrenamiento` VALUES (1,'cardio'),(2,'funcional'),(3,'fuerza');
/*!40000 ALTER TABLE `zona_entrenamiento` ENABLE KEYS */;
UNLOCK TABLES;
/*!40103 SET TIME_ZONE=@OLD_TIME_ZONE */;

/*!40101 SET SQL_MODE=@OLD_SQL_MODE */;
/*!40014 SET FOREIGN_KEY_CHECKS=@OLD_FOREIGN_KEY_CHECKS */;
/*!40014 SET UNIQUE_CHECKS=@OLD_UNIQUE_CHECKS */;
/*!40101 SET CHARACTER_SET_CLIENT=@OLD_CHARACTER_SET_CLIENT */;
/*!40101 SET CHARACTER_SET_RESULTS=@OLD_CHARACTER_SET_RESULTS */;
/*!40101 SET COLLATION_CONNECTION=@OLD_COLLATION_CONNECTION */;
/*!40111 SET SQL_NOTES=@OLD_SQL_NOTES */;

-- Dump completed on 2023-05-25 23:20:52
